<?xml version="1.0" encoding="UTF-8" ?>
<module>
	<name>netpayprestashop</name>
	<displayName><![CDATA[NetPay Prestashop]]></displayName>
	<version><![CDATA[1.0.0]]></version>
	<description><![CDATA[Accept payments by Credit and Debit Card with NetPay (Visa, Mastercard, Amex)]]></description>
	<author><![CDATA[NetPay]]></author>
	<tab><![CDATA[payments_gateways]]></tab>
	<confirmUninstall><![CDATA[Warning: all the NetPay transaction details in your database will be deleted. Are you sure you want uninstall this module?]]></confirmUninstall>
	<is_configurable>1</is_configurable>
	<need_instance>1</need_instance>
	<limited_countries></limited_countries>
</module>